site,REF,ALT,G_prop,nG_prop,p,padj
59912,C,-&G,0.2,1,4.63636220687872e-09,1.15909055171968e-06
59914,T,-&C,0.2,1,4.63636220687872e-09,1.15909055171968e-06
116786,T,-,0.2,1,4.63636220687872e-09,1.15909055171968e-06
116787,C,-,0.2,1,4.63636220687872e-09,1.15909055171968e-06
128864,G,-,0.12,1,2.05913900998974e-10,5.14784752497436e-08
195459,C,-,1,0.0333333333333333,6.03818519686442e-12,1.5095462992161e-09
340640,C,-,0.08,1,3.76640785085335e-11,9.41601962713337e-09
340649,A,-,0.08,1,3.76640785085335e-11,9.41601962713337e-09
340651,T,-,0.08,1,3.76640785085335e-11,9.41601962713337e-09
340652,C,-,0.08,1,3.76640785085335e-11,9.41601962713337e-09
410188,G,-,0.08,0.9,6.87599452210196e-09,1.71899863052549e-06
410189,C,-&A,0.04,1,6.19119778363614e-12,1.54779944590904e-09
410193,G,-,0.08,1,3.76640785085335e-11,9.41601962713337e-09
607403,C,-,0.08,1,3.76640785085335e-11,9.41601962713337e-09
612126,C,-,0.04,1,6.19119778363614e-12,1.54779944590904e-09
622601,G,-,1,0.0666666666666667,3.50988841877805e-11,8.77472104694514e-09
